{"position":[0.05999999865889549,0.05999999865889549,0.0],"health":50,"level":69,"gemScore":0}